<?xml version="1.0" encoding="UTF-8"?>
<project xmlns="http://maven.apache.org/DECORATION/1.7.0" xmlns:xsi="http://www.w3.org/2001/XMLSchema-instance" name="${project.name}" xsi:schemaLocation="http://maven.apache.org/DECORATION/1.7.0 http://maven.apache.org/xsd/decoration-1.7.0.xsd">
   <body>
      <menu ref="reports" />
      <menu name="Release notes">
         <item name="1.0.0" href="/releaseNotes/1.0.0.html" />
         <item name="1.0.1" href="/releaseNotes/1.0.1.html" />
         <item name="1.0.2" href="/releaseNotes/1.0.2.html" />
         <item name="1.0.3" href="/releaseNotes/1.0.3.html" />
         <item name="1.0.4" href="/releaseNotes/1.0.4.html" />
         <item name="1.0.5" href="/releaseNotes/1.0.5.html" />
         <item name="1.0.6" href="/releaseNotes/1.0.6.html" />
         <item name="1.0.7" href="/releaseNotes/1.0.7.html" />
         <item name="1.0.8" href="/releaseNotes/1.0.8.html" />
      </menu>
   </body>
</project>