<assembly xmlns="http://maven.apache.org/ASSEMBLY/2.0.0" xmlns:xsi="http://www.w3.org/2001/XMLSchema-instance"
    xsi:schemaLocation="http://maven.apache.org/ASSEMBLY/2.0.0 http://maven.apache.org/xsd/assembly-2.0.0.xsd">
    <fileSets>
        <fileSet>
            <directory>${project.basedir}/dist/tcl-gui-fo</directory>
            <outputDirectory>/usr/local/apache2/htdocs</outputDirectory>
        </fileSet>
    </fileSets>
    <files>
        <file>
            <source>${project.basedir}/src/main/resources/httpd.conf</source>
            <outputDirectory>/usr/local/apache2/conf</outputDirectory>
            <destName>httpd.conf</destName>
        </file>
    </files>	
</assembly> 
